{
  "finetuned": {
    "json_validity_pct": 65.94594594594595,
    "bloom_accuracy_pct": 65.94594594594595,
    "n": 185,
    "short_n": 154,
    "short_json_validity_pct": 75.97402597402598,
    "long_n": 31,
    "long_json_validity_pct": 16.129032258064516
  }
}